angDist,_RAJ2000,_DEJ2000,recno,Name,m_Name,H09,logg,Teff,Fbol,[Fe/H],[a/Fe],RAJ2000,DEJ2000,RV,ageMLP,M.MLP,SimbadName2,_RAJ20002,_DEJ20002,recno2,Tycho2,more,Name2,Dist2,chi2,Av2,Fbol2,Theta*,R*,rho*,M*,Rp,Mp,GaiaDR1,Simbad2,_RA2,_DE2
0.633111,40.639167,-50.800278,10064,HD 17051,,H09,4.39,6163.0,1.8158E-7,0.06,-0.04,02 42 33.4,-50 48 01,16.7,0.6,1.16,HD 17051,40.6394442,-50.8002933,435,8056-1164-1,*,iota Hor b,17.37,1.03,0.0,1.8E-7,302.68,1.13,,1.34,,2.27,1,Simbad,40.623944,-50.80029
1.547200,278.064167,6.945556,10081,HD 171028,,H09,,5586.0,1.3987E-8,-0.52,0.29,18 32 15.4,+06 56 44,13.1,,,HD 171028,278.064555,6.9457467,29,458-1450-1,*,HD 171028 b,112.87,1.33,0.04,1.4E-8,101.61,2.47,,1.53,,2.62,1,Simbad,278.06455,6.94575
1.228326,10.802083,-37.9825,171,HD 4113,,H09,4.34,5687.0,1.9203E-8,0.24,-0.06,00 43 12.5,-37 58 57,4.0,7.2,1.02,HD 4113,10.8024825,-37.9826314,405,7532-852-1,*,HD 4113 b,41.69,1.13,0.0,1.9E-8,118.34,1.06,,0.82,,,1,Simbad,10.80248,-37.98263
0.816689,11.110833,-26.515556,173,HD 4208,,H09,4.53,5686.0,2.1413E-8,-0.21,0.1,00 44 26.6,-26 30 56,56.2,0.1,0.96,HD 4208,11.1110439,-26.5156819,352,6423-1832-1,*,HD 4208 b,34.01,0.71,0.0,2.1E-8,126.15,0.92,,0.9,,0.82,1,Simbad,11.11104,-26.51568
1.029570,13.799167,-47.405833,218,HD 5388,,H09,4.0,6260.0,5.3656E-8,-0.17,0.05,00 55 11.8,-47 24 21,39.2,3.2,1.34,HD 5388,13.7995414,-47.4059656,430,8031-1-1,*,HD 5388 b,53.02,0.76,0.0,5.4E-8,163.2,1.86,,2.19,,,1,Simbad,13.79954,-47.40597
0.824632,16.167083,-39.488056,257,HD 6434,,H09,4.34,5824.0,2.2418E-8,-0.51,0.24,01 04 40.1,-39 29 17,22.9,11.0,0.91,HD 6434,16.1672931,-39.4882178,406,7533-1111-1,*,HD 6434 b,42.4,1.58,0.0,2.2E-8,122.84,1.12,,1.1,,0.49,1,Simbad,16.16729,-39.48822
0.991931,16.9525,-8.233611,271,HD 6718,,H09,4.42,5863.0,1.1907E-8,-0.11,0.06,01 07 48.6,-08 14 01,34.1,2.8,1.01,HD 6718,16.9527625,-8.2337028,295,5273-16-1,*,HD 6718 b,50.66,1.04,0.0,1.2E-8,87.32,0.95,,1.08,,1.68,1,Simbad,16.95276,-8.2337
0.655629,18.622083,-5.047222,298,HD 7449,,H09,4.42,6031.0,2.7097E-8,-0.21,0.11,01 14 29.3,-05 02 50,-20.0,0.1,1.07,HD 7449,18.6221694,-5.0473825,256,4683-883-1,*,HD 7449 b,36.85,1.87,0.0,2.7E-8,122.48,0.97,,1.14,,1.38,1,Simbad,18.62217,-5.04738
0.491143,20.905,-41.269722,333,HD 8535,,H09,4.33,6157.0,2.1943E-8,-0.06,0.02,01 23 37.2,-41 16 11,2.4,3.0,1.14,HD 8535,20.9051492,-41.2697997,407,7544-986-1,*,HD 8535 b,55.28,1.23,0.0,2.2E-8,106.93,1.27,,1.55,,,1,Simbad,20.90515,-41.2698
0.234146,21.302083,28.566667,335,HD 8574,,H09,4.21,6086.0,3.7944E-8,-0.03,0.0,01 25 12.5,+28 34 00,18.6,4.6,1.15,HD 8574,21.3021494,28.5666958,92,1754-192-1,*,HD 8574 b,44.35,0.92,0.0,3.8E-8,145.04,1.38,,1.34,,2.03,1,Simbad,21.30215,28.5667
0.460993,287.262917,34.599722,10419,HD 178911,B,H09,4.39,5787.0,1.9953E-8,0.15,-0.05,19 09 03.1,+34 35 59,-40.6,0.2,0.99,HD 178911,287.2629125,34.59985,152,2648-2151-1,*,HD 178911 B b,41.51,5.01,0.0,1.9E-8,121.55,1.08,,1.24,,8.03,1,Simbad,287.26291,34.59985
0.789391,291.289583,-66.468611,10510,HD 181433,,H09,4.55,4895.0,1.4846E-8,0.34,-0.07,19 25 09.5,-66 28 07,39.6,11.0,0.82,HD 181433,291.2898661,-66.4687989,484,9083-198-1,*,HD 181433 b,26.91,4.31,0.0,1.4E-8,135.95,0.79,,0.63,,0.02,1,Simbad,291.28987,-66.4688
0.785528,34.560417,65.594167,555,HD 13908,,H09,4.03,6149.0,2.6149E-8,-0.02,-0.02,02 18 14.5,+65 35 39,16.1,3.5,1.31,HD 13908,34.5606719,65.5943581,231,4054-322-1,*,HD 13908 b,79.97,1.96,0.0,2.6E-8,113.68,1.95,,1.79,,,1,Simbad,34.56067,65.59436
0.468314,38.832917,-3.560556,649,HD 16141,,H09,4.09,5780.0,5.0446E-8,0.02,0.07,02 35 19.9,-03 33 38,-51.2,8.1,1.07,HD 16141,38.8330383,-3.5606036,260,4701-1095-1,*,HD 16141 b,37.29,1.36,0.0,5.0E-8,184.9,1.48,,1.11,,0.26,1,Simbad,38.83304,-3.5606
0.483947,39.257917,42.0625,650,HD 16175,,H09,4.04,5930.0,3.2315E-8,0.29,-0.08,02 37 01.9,+42 03 45,21.4,3.9,1.29,HD 16175,39.2579631,42.06263,164,2840-1669-1,*,HD 16175 b,58.35,0.91,0.0,3.2E-8,136.92,1.72,,1.63,,5.1,1,Simbad,39.25796,42.06263
0.743711,294.29875,28.499722,10680,HD 185269,,H09,3.97,6107.0,6.2078E-8,0.22,-0.08,19 37 11.7,+28 29 59,0.2,3.1,1.39,HD 185269,294.2989217,28.4998631,124,2150-5013-1,*,HD 185269 b,52.36,1.71,0.0,5.6E-8,177.87,2.0,,1.57,,1.09,1,Simbad,294.29892,28.49986
0.698257,295.46625,50.5175,10741,HD 186427,B,H09,4.33,5795.0,9.1959E-8,0.13,-0.04,19 41 51.9,+50 31 03,-28.1,5.5,1.04,HD 186427,295.4665525,50.517525,214,3565-1525-1,*,16 Cyg B b,21.22,2.45,0.0,9.0E-8,248.82,1.13,,1.08,,1.78,1,Simbad,295.46655,50.51752
0.193554,300.182083,22.710833,10880,HD 189733,,H09,4.58,5022.0,2.7666E-8,-0.13,-0.07,20 00 43.7,+22 42 39,-3.0,2.3,0.79,HD 189733,300.1821367,22.7108539,122,2141-972-1,*,HD 189733 b,19.84,1.77,0.0,2.7E-8,175.76,0.75,2.65,0.79,1.13,1.13,1,Simbad,300.18214,22.71085
1.176774,300.752917,28.306667,10898,HD 190228,,H09,3.75,5264.0,3.6788E-8,-0.25,0.23,20 03 00.7,+28 18 24,-50.9,4.6,1.27,HD 190228,300.7532192,28.3068569,125,2153-1463-1,*,HD 190228 b,,2.13,0.0,3.6E-8,186.35,,,,,,1,Simbad,300.75322,28.30686
0.867845,54.929167,-52.915833,924,HD 23079,,H09,4.4,6040.0,3.8502E-8,-0.18,0.09,03 39 43.0,-52 54 57,0.5,1.6,1.07,HD 23079,54.9295667,-52.9158381,457,8500-534-1,*,HD 23079 b,33.17,1.57,0.0,3.9E-8,150.64,1.07,,1.12,,2.61,1,Simbad,54.92957,-52.91584
0.891917,57.00125,40.530556,936,HD 23596,,H09,4.18,6037.0,3.3121E-8,0.3,-0.09,03 48 00.3,+40 31 50,-10.2,3.8,1.25,HD 23596,57.0015581,40.5306369,167,2867-1318-1,*,HD 23596 b,52.16,2.84,0.0,3.3E-8,136.81,1.53,,1.47,,9.03,1,Simbad,57.00156,40.53064
1.341275,57.595417,17.476111,946,HD 24040,,H09,4.19,5784.0,2.7386E-8,0.2,-0.06,03 50 22.9,+17 28 34,-9.9,5.6,1.07,HD 24040,57.5956989,17.4763689,65,1252-844-1,*,HD 24040 b,45.84,2.28,0.0,2.6E-8,131.83,1.3,,1.11,,3.86,1,Simbad,57.5957,17.47637
1.028383,303.499167,-0.866667,10989,HD 192263,A,H09,4.61,4998.0,2.6124E-8,0.02,-0.12,20 13 59.8,-00 52 00,-11.3,0.2,0.79,HD 192263,303.4993567,-0.8668806,284,5161-868-1,*,HD 192263 b,19.68,1.73,0.0,2.5E-8,175.72,0.74,,0.66,,0.56,1,Simbad,303.49936,-0.86688
1.411814,303.822083,-27.032778,10992,HD 192310,,H09,4.55,5133.0,1.6279E-7,0.08,-0.12,20 15 17.3,-27 01 58,-54.8,1.5,0.84,HD 192310,303.8224633,-27.0329756,377,6914-1943-1,*,HD 192310 b,,9.61,0.0,1.5E-7,410.3,,,,,,0,Simbad,303.82246,-27.03298
0.255922,58.955833,-65.186667,1002,HD 25171,,H09,4.33,6206.0,2.0547E-8,-0.14,0.05,03 55 49.4,-65 11 12,42.8,2.6,1.14,HD 25171,58.9560014,-65.1866747,474,8874-376-1,*,HD 25171 b,56.83,1.32,0.0,2.1E-8,102.24,1.25,,1.53,,,1,Simbad,58.956,-65.18667
1.003795,66.609583,-10.550556,1137,HD 28185,,H09,4.34,5687.0,2.0739E-8,0.2,-0.06,04 26 26.3,-10 33 02,49.6,7.8,1.02,HD 28185,66.6096775,-10.5508189,299,5317-733-1,*,HD 28185 b,39.29,0.79,0.0,2.0E-8,122.42,1.03,,1.02,,5.9,1,Simbad,66.60968,-10.55082
0.550685,307.0775,18.769444,11133,HD 195019,AB,H09,,5695.0,,-0.01,0.06,20 28 18.6,+18 46 10,-91.7,9.1,1.04,HD 195019,307.0776519,18.7694961,86,1640-113-1,*,HD 195019 b,37.82,2.97,0.0,4.8E-8,181.8,1.48,,1.21,,3.98,1,Simbad,307.07765,18.7695
1.339878,309.965833,11.249444,11207,HD 196885,A,H09,4.21,6162.0,7.3208E-8,-0.06,0.01,20 39 51.8,+11 14 58,-33.2,4.1,1.17,HD 196885,309.9661481,11.2496514,54,1092-1778-1,*,HD 196885 b,,1.06,0.0,7.4E-8,188.91,,,,,,0,Simbad,309.96615,11.24965
1.196204,73.681667,12.351944,1279,HD 31253,,H09,4.16,6148.0,3.8247E-8,0.21,-0.08,04 54 43.6,+12 21 07,12.1,3.4,1.26,HD 31253,73.6818906,12.3521944,36,692-497-1,*,HD 31253 b,58.04,1.74,0.0,3.7E-8,139.87,1.75,,1.7,,0.62,1,Simbad,73.68189,12.35219
1.084521,76.982083,26.327778,1333,HD 32963,,H09,4.42,5762.0,2.5167E-8,0.09,-0.04,05 07 55.7,+26 19 40,-62.9,2.7,1.02,HD 32963,76.9823494,26.3279617,98,1853-1187-1,*,HD 32963 b,,1.54,0.0,2.5E-8,131.02,,,,,,0,Simbad,76.98235,26.32796
0.909899,77.004167,-26.797222,1350,HD 33283,,H09,4.04,6231.0,1.7395E-8,0.4,-0.12,05 08 01.0,-26 47 50,4.1,2.5,1.43,HD 33283,77.0042181,-26.7974706,358,6481-1002-1,*,HD 33283 b,88.35,1.98,0.0,1.6E-8,91.65,1.74,,1.47,,0.37,1,Simbad,77.00422,-26.79747
1.044688,77.943333,4.403333,1360,HD 33636,,H09,4.49,6000.0,4.2943E-8,-0.16,0.09,05 11 46.4,+04 24 12,5.3,0.0,1.06,HD 33636,77.9435389,4.4035381,8,107-1139-1,*,HD 33636 b,29.44,0.65,0.0,4.3E-8,159.28,1.01,,1.34,,11.09,1,Simbad,77.94354,4.40354
1.196246,79.420417,7.353333,1381,HD 34445,,H09,4.16,5909.0,3.3969E-8,0.16,-0.06,05 17 40.9,+07 21 12,-79.4,5.0,1.11,HD 34445,79.4207517,7.3533481,9,112-182-1,*,HD 34445 b,45.37,2.1,0.0,3.2E-8,141.88,1.38,,1.14,,0.82,1,Simbad,79.42075,7.35335
1.112842,48.193333,-1.195833,11380,HD 19994,AB,H09,4.08,6159.0,2.3977E-7,0.2,-0.08,03 12 46.4,-01 11 45,19.0,3.2,1.32,HD 19994,48.1934883,-1.1961003,261,4708-1423-1,*,HD 19994 b,,0.49,0.0,2.4E-7,355.43,,,,,,0,Simbad,48.19349,-1.1961
0.647566,84.258333,-73.699167,1497,HD 38283,,H09,4.15,6001.0,5.6037E-8,-0.07,0.02,05 37 02.0,-73 41 57,61.3,4.8,1.11,HD 38283,84.2584031,-73.6993458,487,9175-83-1,*,HD 38283 b,37.89,0.51,0.0,5.7E-8,182.77,1.49,,1.37,,0.4,1,Simbad,84.2584,-73.69935
0.754238,91.124583,44.260278,1569,HD 40979,,H09,4.37,6188.0,5.2841E-8,0.07,-0.04,06 04 29.9,+44 15 37,32.8,1.0,1.18,HD 40979,91.1247631,44.2604431,171,2937-1747-1,*,HD 40979 b,33.95,0.51,0.0,5.3E-8,165.91,1.21,,1.45,,4.67,1,Simbad,91.12476,44.26044
0.666198,6.084167,-56.65,11611,HD 2039,,H09,4.25,6130.0,7.4005E-9,0.37,-0.12,00 24 20.2,-56 39 00,8.4,2.8,1.25,HD 2039,6.0844914,-56.6500494,454,8468-177-1,*,HD 2039 b,86.92,1.13,0.03,6.8E-9,63.88,1.19,,1.23,,6.29,1,Simbad,6.08449,-56.65005
0.810523,93.398333,-29.897222,1620,HD 43197,,H09,4.47,5498.0,7.3038E-9,0.32,-0.08,06 13 35.6,-29 53 50,,0.0,0.98,HD 43197,93.3985883,-29.8972633,361,6517-2108-1,*,HD 43197 b,61.2,0.97,0.0,7.3E-9,78.09,1.03,,0.77,,,1,Simbad,93.39859,-29.89726
0.909139,94.894167,41.092222,1628,HD 43691,,H09,4.16,6263.0,1.7183E-8,0.28,-0.1,06 19 34.6,+41 05 32,-29.2,2.7,1.32,HD 43691,94.8944831,41.0923058,170,2930-2105-1,*,HD 43691 b,,2.22,0.0,1.6E-8,90.1,,,,,,1,Simbad,94.89448,41.09231
0.346807,95.059583,-10.725,1638,HD 44219,,H09,4.21,5895.0,2.4392E-8,0.11,-0.04,06 20 14.3,-10 43 30,-12.4,5.4,1.1,HD 44219,95.0596806,-10.7250092,303,5367-701-1,*,HD 44219 b,52.83,1.4,0.0,2.3E-8,122.8,1.39,,1.12,,,1,Simbad,95.05968,-10.72501
0.679606,97.190417,38.962778,1673,HD 45350,,H09,4.21,5585.0,1.959E-8,0.36,-0.06,06 28 45.7,+38 57 46,-21.3,10.2,1.02,HD 45350,97.1904647,38.9629631,169,2927-323-1,*,HD 45350 b,,1.53,0.0,2.0E-8,123.59,,,,,,0,Simbad,97.19046,38.96296
1.057728,96.41,-31.480833,1675,HD 45364,,H09,4.55,5496.0,1.7031E-8,-0.08,-0.02,06 25 38.4,-31 28 51,15.9,0.0,0.91,HD 45364,96.4103125,-31.4809567,387,7073-2172-1,*,HD 45364 b,,0.45,0.0,1.7E-8,119.64,,,,,,0,Simbad,96.41031,-31.48096
0.623767,98.3025,5.462778,1704,HD 46375,,H09,4.35,5271.0,2.038E-8,0.29,-0.12,06 33 12.6,+05 27 46,-1.6,13.8,0.91,HD 46375,98.3025931,5.4629244,12,154-891-1,*,HD 46375 b,,0.8,0.0,2.0E-8,140.64,,,,,,0,Simbad,98.30259,5.46292
0.942973,102.877083,40.8675,1776,HD 49674,,H09,4.4,5610.0,1.5975E-8,0.42,-0.08,06 51 30.5,+40 52 03,11.8,4.5,1.02,HD 49674,102.8771506,40.8677569,172,2946-426-1,*,HD 49674 b,42.85,0.53,0.0,1.6E-8,110.26,1.02,,1.03,,0.1,1,Simbad,102.87715,40.86776
0.302828,103.008333,-33.915556,1793,HD 50499,,H09,4.23,6040.0,3.4468E-8,0.33,-0.1,06 52 02.0,-33 54 56,36.5,3.5,1.22,HD 50499,103.0084342,-33.9155608,388,7096-565-1,*,HD 50499 b,,0.88,0.0,3.4E-8,138.97,,,,,,1,Simbad,103.00843,-33.91556
0.359488,103.678333,24.245556,1794,HD 50554,,H09,4.42,6041.0,4.8957E-8,-0.06,0.01,06 54 42.8,+24 14 44,-4.2,0.3,1.09,HD 50554,103.6784425,24.2455578,100,1894-1961-1,*,HD 50554 b,,0.75,0.0,4.9E-8,168.0,,,,,,1,Simbad,103.67844,24.24556
1.215721,50.014583,-28.853889,11829,HD 20782,A,H09,,5773.0,,-0.09,0.07,03 20 03.5,-28 51 14,39.5,7.9,0.99,HD 20782,50.0149069,-28.8540722,354,6445-136-1,*,HD 20782 b,35.85,0.51,0.0,3.1E-8,143.71,1.11,,1.07,,1.95,1,Simbad,50.01491,-28.85407
0.598716,49.981667,-43.069722,11836,HD 20794,,H09,4.49,5513.0,5.677E-7,-0.27,0.17,03 19 55.6,-43 04 11,87.2,3.9,0.91,HD 20794,49.9818789,-43.0697828,408,7567-1183-1,*,HD 20794 b,,1.99,0.0,5.6E-7,700.7,,,,,,0,Simbad,49.98188,-43.06978
0.937899,116.957083,-54.263889,2024,HD 63765,,H09,4.53,5472.0,1.6492E-8,-0.15,0.04,07 47 49.7,-54 15 50,22.1,0.0,0.91,HD 63765,116.9571658,-54.264145,462,8553-2637-1,*,HD 63765 b,32.37,0.82,0.0,1.7E-8,118.74,0.83,,0.65,,0.53,1,Simbad,116.95717,-54.26414
0.379830,118.422083,-63.647222,2052,HD 65216,,H09,4.52,5679.0,1.8063E-8,-0.18,0.07,07 53 41.3,-63 38 50,42.3,0.1,0.96,HD 65216,118.4221664,-63.6473208,478,8915-2808-1,*,HD 65216 b,35.31,1.44,0.0,1.8E-8,116.54,0.88,,0.88,,1.18,1,Simbad,118.42217,-63.64732
1.027174,121.915417,31.551111,2088,HD 67087,,H09,4.19,6343.0,1.5667E-8,0.1,-0.06,08 07 39.7,+31 33 04,0.4,2.7,1.3,HD 67087,121.9156494,31.5513164,138,2469-686-1,*,HD 67087 b,76.92,0.64,0.0,1.6E-8,85.57,1.41,,2.31,,,1,Simbad,121.91565,31.55132
0.787599,124.592083,61.460556,2125,HD 68988,,H09,4.41,5912.0,1.4084E-8,0.38,-0.12,08 18 22.1,+61 27 38,-69.7,0.0,1.14,HD 68988,124.5923875,61.4607194,232,4126-818-1,*,HD 68988 b,59.96,1.43,0.0,1.4E-8,92.03,1.19,,1.28,,1.97,1,Simbad,124.59239,61.46072
1.010429,337.75125,-49.433056,12101,HD 213240,A,H09,4.17,6084.0,5.3663E-8,0.22,-0.08,22 31 00.3,-49 25 59,-0.5,3.8,1.25,HD 213240,337.7515267,-49.4332714,452,8449-868-1,*,HD 213240 b,41.39,2.03,0.0,4.9E-8,169.93,1.51,,1.57,,5.58,1,Simbad,337.75153,-49.43327
0.640100,125.367083,-39.705278,2154,HD 70642,,H09,4.45,5714.0,3.7176E-8,0.19,-0.06,08 21 28.1,-39 42 19,48.8,0.7,1.02,HD 70642,125.3672358,-39.7054114,410,7665-696-1,*,HD 70642 b,29.19,3.4,0.0,3.6E-8,162.27,1.02,,0.96,,1.85,1,Simbad,125.36724,-39.70541
1.466686,128.512917,-1.568056,2202,HD 72659,,H09,4.18,5906.0,2.7688E-8,0.02,-0.01,08 34 03.1,-01 34 05,-18.4,5.2,1.07,HD 72659,128.5132925,-1.5682144,268,4862-360-1,*,HD 72659 b,51.83,0.75,0.0,2.8E-8,130.75,1.46,,1.43,,3.85,1,Simbad,128.51329,-1.56821
1.317647,129.07375,-34.459722,2217,HD 73267,,H09,4.41,5408.0,8.2138E-9,0.14,-0.03,08 36 17.7,-34 27 35,51.3,13.2,0.91,HD 73267,129.0740675,-34.4599778,390,7144-1553-1,*,HD 73267 b,,1.19,0.0,8.1E-9,84.98,,,,,,1,Simbad,129.07407,-34.45998
1.226955,129.318333,-41.318889,2227,HD 73526,,H09,4.07,5628.0,7.0869E-9,0.33,-0.04,08 37 16.4,-41 19 08,26.1,7.9,1.09,HD 73526,129.3186806,-41.3191081,411,7670-3068-1,*,HD 73526 b,95.37,0.52,0.03,7.4E-9,74.82,1.53,,1.14,,3.08,1,Simbad,129.31868,-41.31911
0.362731,130.604583,4.578056,2242,HD 74156,,H09,4.13,6174.0,2.5527E-8,0.14,-0.06,08 42 25.1,+04 34 41,3.7,3.4,1.28,HD 74156,130.6046756,4.5780964,17,219-1438-1,*,HD 74156 b,,1.16,0.0,2.4E-8,115.71,,,,,,0,Simbad,130.60468,4.5781
1.098093,131.917917,-41.736667,2264,HD 75289,,H09,4.32,6165.0,7.5009E-8,0.21,-0.08,08 47 40.3,-41 44 12,8.9,1.7,1.21,HD 75289,131.9182892,-41.7367931,412,7683-1503-1,*,HD 75289 b,28.97,2.36,0.0,7.3E-8,198.18,1.23,,1.29,,0.49,1,Simbad,131.91829,-41.73679
0.521996,133.461667,33.056667,2285,HD 75898,,H09,4.15,6105.0,1.6788E-8,0.3,-0.1,08 53 50.8,+33 03 24,21.3,3.3,1.27,HD 75898,133.4616892,33.0568108,139,2488-663-1,*,HD 75898 b,76.86,1.6,0.0,1.6E-8,94.08,1.55,,1.43,,2.7,1,Simbad,133.46169,33.05681
0.585597,133.48125,-66.800833,2310,HD 76700,,H09,4.18,5633.0,1.5027E-8,0.39,-0.05,08 53 55.5,-66 48 03,37.7,8.5,1.07,HD 76700,133.4813156,-66.8009936,479,8939-306-1,*,HD 76700 b,60.46,0.93,0.0,1.5E-8,105.5,1.37,,0.99,,0.21,1,Simbad,133.48132,-66.80099
0.885633,343.407917,-48.598056,12258,HD 216435,,H09,4.07,6005.0,1.0169E-7,0.19,-0.06,22 53 37.9,-48 35 53,-1.1,3.9,1.29,HD 216435,343.4080486,-48.5982861,453,8450-1093-1,*,tau Gru b,,1.95,0.0,9.9E-8,244.44,,,,,,0,Simbad,343.40805,-48.59829
0.548302,343.664167,-70.073611,12259,HD 216437,,H09,4.17,5885.0,1.0084E-7,0.2,-0.04,22 54 39.4,-70 04 25,-2.7,5.0,1.18,HD 216437,343.6645086,-70.0737092,492,9340-1818-1,*,HD 216437 b,,1.81,0.0,9.9E-8,252.33,,,,,,0,Simbad,343.66451,-70.07371
1.373709,344.36625,20.768611,12283,HD 217014,,H09,4.33,5814.0,1.7653E-7,0.2,-0.06,22 57 27.9,+20 46 07,-33.7,5.5,1.06,HD 217014,344.3665836,20.7688308,91,1717-2193-1,*,51 Peg b,,0.85,0.0,1.8E-7,349.06,,,,,,0,Simbad,344.36658,20.76883
0.721814,344.564583,-2.395278,12290,HD 217107,,H09,4.33,5640.0,9.2871E-8,0.37,-0.1,22 58 15.5,-02 23 43,-14.0,7.4,1.02,HD 217107,344.5647539,-2.3953831,289,5235-1468-1,*,HD 217107 b,20.0,2.8,0.0,8.9E-8,258.69,1.11,,1.0,,1.3,1,Simbad,344.56475,-2.39538
1.228646,140.945833,20.364444,2423,HD 81040,,H09,4.53,5770.0,2.2556E-8,-0.12,0.05,09 23 47.0,+20 21 52,48.9,0.2,0.98,HD 81040,140.9461969,20.3644536,71,1408-143-1,*,HD 81040 b,34.31,1.11,0.0,2.2E-8,123.56,0.91,,1.05,,7.27,1,Simbad,140.9462,20.36445
0.639063,143.71125,-12.129444,2469,HD 82943,,H09,4.38,6004.0,6.3308E-8,0.3,-0.1,09 34 50.7,-12 07 46,8.1,0.5,1.14,HD 82943,143.7113981,-12.1295467,306,5469-1000-1,*,HD 82943 b,,1.14,0.0,6.4E-8,193.68,,,,,,1,Simbad,143.7114,-12.12955
1.341979,147.51,-49.79,2545,HD 85390,,H09,4.57,5172.0,1.2025E-8,0.02,-0.09,09 50 02.4,-49 47 24,32.5,0.1,0.84,HD 85390,147.5104031,-49.7902669,439,8189-1278-1,*,HD 85390 b,33.3,1.57,0.0,1.2E-8,112.12,0.8,,0.54,,0.11,1,Simbad,147.5104,-49.79027
0.986849,53.2325,-9.458056,12480,HD 22049,AB,H09,,5207.0,,-0.04,-0.14,03 32 55.8,-09 27 29,16.0,0.5,0.81,HD 22049,53.2326872,-9.4582586,298,5296-1533-1,*,epsilon Eri b,,1.46,0.0,9.7E-7,1040.95,,,,,,0,Simbad,53.23269,-9.45826
0.713138,149.240833,-15.895,2570,HD 86264,,H09,4.14,6381.0,2.7576E-8,0.31,-0.1,09 56 57.8,-15 53 42,7.1,2.2,1.39,HD 86264,149.2409964,-15.8951206,330,6045-1121-1,*,HD 86264 b,,2.04,0.0,2.8E-8,112.16,,,,,,0,Simbad,149.241,-15.89512
1.324925,155.98,-29.645278,2699,HD 90156,,H09,4.49,5630.0,4.7429E-8,-0.24,0.17,10 23 55.2,-29 38 43,26.4,1.5,0.96,HD 90156,155.9803083,-29.6455303,363,6631-431-1,*,HD 90156 b,,0.68,0.0,4.8E-8,191.03,,,,,,1,Simbad,155.98031,-29.64553
0.854754,355.464583,-5.985556,12617,HD 222582,A,H09,4.35,5802.0,2.2826E-8,0.0,0.02,23 41 51.5,-05 59 08,11.5,7.2,0.99,HD 222582,355.4647083,-5.9857581,292,5258-491-1,*,HD 222582 b,42.32,1.19,0.0,2.3E-8,123.69,1.13,,1.12,,8.37,1,Simbad,355.46471,-5.98576
0.668702,160.702083,-2.183611,2775,HD 92788,,H09,4.32,5717.0,3.2359E-8,0.28,-0.07,10 42 48.5,-02 11 01,-5.0,6.8,1.04,HD 92788,160.7021983,-2.1837567,271,4913-618-1,*,HD 92788 b,34.63,0.92,0.0,3.2E-8,149.51,1.11,,1.15,,3.71,1,Simbad,160.7022,-2.18376
0.594988,176.21,-58.703611,3089,HD 102117,,H09,4.26,5675.0,2.8501E-8,0.28,-0.02,11 44 50.4,-58 42 13,48.9,8.1,1.04,HD 102117,176.2102539,-58.7037106,464,8642-742-1,*,HD 102117 b,39.5,0.86,0.0,2.9E-8,144.59,1.23,,1.06,,0.17,1,Simbad,176.21025,-58.70371
1.396296,179.23125,-12.107778,3143,HD 103774,,H09,4.23,6496.0,3.5882E-8,0.17,-0.07,11 56 55.5,-12 06 28,-3.4,1.7,1.35,HD 103774,179.2316233,-12.1079092,311,5521-1086-1,*,HD 103774 b,56.46,1.54,0.0,3.6E-8,120.95,1.47,,5.07,,,1,Simbad,179.23162,-12.10791
0.902157,183.372917,10.041389,3227,HD 106252,,H09,4.38,5903.0,2.927E-8,-0.06,0.04,12 13 29.5,+10 02 29,15.4,4.4,1.04,HD 106252,183.3729556,10.0416367,44,869-1019-1,*,HD 106252 b,37.79,0.67,0.0,2.9E-8,135.97,1.1,,1.01,,6.93,1,Simbad,183.37296,10.04164
1.272930,183.405,-9.513333,3228,HD 106270,,H09,3.74,5528.0,2.6303E-8,0.1,0.07,12 13 37.2,-09 30 48,23.7,4.0,1.35,HD 106270,183.4053553,-9.5133803,310,5519-1520-1,*,HD 106270 b,,1.25,0.0,2.6E-8,144.5,,,,,,0,Simbad,183.40536,-9.51338
0.686484,186.4425,-64.021944,3294,HD 108147,,H09,4.37,6236.0,4.1577E-8,0.03,-0.03,12 25 46.2,-64 01 19,-5.4,0.6,1.18,HD 108147,186.4427822,-64.0220892,481,8983-384-1,*,HD 108147 b,,0.92,0.0,4.2E-8,143.44,,,,,,1,Simbad,186.44278,-64.02209
1.191166,187.611667,22.879722,3319,HD 108874,,H09,4.32,5573.0,8.8878E-9,0.2,-0.05,12 30 26.8,+22 52 47,-30.7,10.7,0.96,HD 108874,187.6120075,22.8798272,109,1989-2141-1,*,HD 108874 b,59.26,2.12,0.0,8.9E-9,82.2,1.05,,1.1,,1.42,1,Simbad,187.61201,22.87983
1.385567,72.15125,-5.673889,13386,HD 30562,,H09,4.11,5951.0,1.2835E-7,0.26,-0.08,04 48 36.3,-05 40 26,77.0,4.3,1.25,HD 30562,72.1516042,-5.6740436,262,4748-1630-1,*,HD 30562 b,26.35,1.37,0.0,1.3E-7,283.67,1.61,,1.12,,1.22,1,Simbad,72.1516,-5.67404
0.620367,192.215417,-68.425,3414,HD 111232,,H09,4.48,5564.0,2.5801E-8,-0.38,0.23,12 48 51.7,-68 25 30,103.8,6.6,0.89,HD 111232,192.2156383,-68.4251519,489,9241-249-1,*,HD 111232 b,28.62,0.38,0.0,2.6E-8,146.18,0.9,,0.84,,7.14,1,Simbad,192.21564,-68.42515
1.279210,198.184167,-31.873056,3528,HD 114729,,H09,4.1,5835.0,5.7367E-8,-0.33,0.22,13 12 44.2,-31 52 23,64.4,9.1,1.02,HD 114729,198.1844039,-31.8733489,396,7263-2071-1,*,HD 114729 b,37.69,2.15,0.0,5.7E-8,191.69,1.55,,1.24,,1.09,1,Simbad,198.1844,-31.87335
1.290086,198.182083,-2.265,3532,HD 114783,,H09,4.56,5108.0,2.9339E-8,0.22,-0.14,13 12 43.7,-02 15 54,-12.8,0.3,0.86,HD 114783,198.1824397,-2.2650372,277,4958-894-1,*,HD 114783 b,,3.28,0.0,2.9E-8,178.81,,,,,,0,Simbad,198.18244,-2.26504
0.169133,80.639583,79.231111,13585,HD 33564,A,H09,4.21,6379.0,2.3823E-7,0.03,-0.03,05 22 33.5,+79 13 52,-10.7,2.6,1.28,HD 33564,80.6397183,79.2311506,250,4532-2096-1,*,HD 33564 b,,0.65,0.0,2.4E-7,325.01,,,,,,0,Simbad,80.63972,79.23115
0.538723,78.295417,33.318056,13591,HD 33643,,H09,4.19,6776.0,1.0167E-8,0.23,-0.09,05 13 10.9,+33 19 05,31.4,1.4,1.45,HD 33643,78.2955375,33.3181667,134,2393-852-1,*,KELT-7 b,138.09,0.91,0.08,1.0E-8,60.95,1.81,0.42,1.76,1.6,1.39,1,Simbad,78.29554,33.31817
0.617669,202.337917,-35.570833,3608,HD 117207,,H09,4.34,5693.0,3.4348E-8,0.14,-0.01,13 29 21.1,-35 34 15,-17.9,7.9,1.01,HD 117207,202.3379744,-35.5709981,397,7272-1998-1,*,HD 117207 b,32.42,0.92,0.0,3.5E-8,158.8,1.11,,0.96,,1.73,1,Simbad,202.33797,-35.571
1.069943,203.10625,-47.271111,3621,HD 117618,,H09,4.32,5982.0,3.602E-8,0.04,-0.02,13 32 25.5,-47 16 16,0.9,4.7,1.09,HD 117618,203.1064808,-47.2713636,441,8265-2722-1,*,HD 117618 b,38.17,0.79,0.0,3.6E-8,145.78,1.2,,1.17,,0.19,1,Simbad,203.10648,-47.27136
0.711919,9.840833,21.250278,13773,HD 3651,A,H09,,5226.0,,0.16,-0.08,00 39 21.8,+21 15 01,-33.5,1.7,0.88,HD 3651,9.8408578,21.2504744,58,1193-2072-1,*,HD 3651 b,,1.55,0.0,1.3E-7,378.62,,,,,,0,Simbad,9.84086,21.25047
0.481448,221.88625,-0.281389,4007,HD 130322,,H09,4.55,5432.0,1.7459E-8,0.01,-0.01,14 47 32.7,-00 16 53,-12.6,0.0,0.93,HD 130322,221.88635,-0.2814778,280,4986-302-1,*,HD 130322 b,,0.51,0.0,1.8E-8,125.54,,,,,,0,Simbad,221.88635,-0.28148
0.871388,84.290833,-80.468889,13927,HD 39091,,H09,4.36,6000.0,1.4544E-7,0.06,-0.03,05 37 09.8,-80 28 08,10.3,3.1,1.11,HD 39091,84.2912,-80.4691233,495,9386-2614-1,*,HD 39091 b,,2.65,0.0,1.4E-7,292.33,,,,,,0,Simbad,84.2912,-80.46912
0.582156,88.5175,-60.023333,13994,HD 40307,,H09,4.62,4886.0,4.7894E-8,-0.22,-0.03,05 54 04.2,-60 01 24,30.4,1.9,0.74,HD 40307,88.5176664,-60.0234717,476,8892-1247-1,*,HD 40307 b,,3.02,0.0,4.7E-8,250.83,,,,,,0,Simbad,88.51767,-60.02347
1.241291,229.730833,-1.592222,4155,HD 136118,,H09,4.15,6136.0,4.4296E-8,0.0,-0.02,15 18 55.4,-01 35 32,-3.6,3.9,1.23,HD 136118,229.731135,-1.5923886,281,5002-997-1,*,HD 136118 b,52.02,1.1,0.0,4.5E-8,152.88,1.71,,1.84,,15.49,1,Simbad,229.73113,-1.59239
0.922942,92.66375,30.956944,14093,HD 42176,AB,H09,4.18,6327.0,8.7347E-9,0.17,-0.07,06 10 39.3,+30 57 25,-47.3,2.6,1.28,HD 42176,92.6639392,30.9571425,135,2420-899-1,*,KELT-2 A b,133.92,1.38,0.08,9.6E-9,66.91,1.93,0.3,1.54,1.35,1.7,1,Simbad,92.66394,30.95714
0.500747,11.163333,-65.649444,14141,HD 4308,,H09,4.4,5746.0,6.6568E-8,-0.25,0.18,00 44 39.2,-65 38 58,95.1,7.1,0.96,HD 4308,11.1636133,-65.6495214,471,8847-598-1,*,HD 4308 b,22.03,2.44,0.0,6.5E-8,215.79,1.02,,0.93,,0.05,1,Simbad,11.16361,-65.64952
1.077595,238.072917,-18.435833,4314,HD 141937,,H09,4.45,5891.0,3.3761E-8,0.19,-0.08,15 52 17.5,-18 26 09,-3.3,0.0,1.09,HD 141937,238.0731131,-18.4360675,339,6191-172-1,*,HD 141937 b,32.66,1.33,0.0,3.4E-8,146.12,1.03,,1.09,,9.69,1,Simbad,238.07311,-18.43607
1.150541,239.419583,-60.2,4330,HD 142415,,H09,4.46,5955.0,3.114E-8,0.1,-0.05,15 57 40.7,-60 12 00,-12.0,0.1,1.09,HD 142415,239.4199669,-60.2002564,482,9023-815-1,*,HD 142415 b,35.67,1.79,0.0,3.0E-8,135.29,1.04,,1.07,,1.67,1,Simbad,239.41997,-60.20026
0.740839,242.901667,-27.078056,4410,HD 145377,,H09,4.38,6004.0,1.527E-8,-0.01,0.0,16 11 36.4,-27 04 41,11.1,2.3,1.09,HD 145377,242.9018558,-27.0781747,370,6801-585-1,*,HD 145377 b,52.78,1.45,0.0,1.5E-8,92.96,1.05,,1.2,,6.02,1,Simbad,242.90186,-27.07817
0.649286,245.750417,-61.688611,4463,HD 147018,,H09,4.42,5503.0,1.3606E-8,0.13,-0.04,16 23 00.1,-61 41 19,-27.9,8.1,0.93,HD 147018,245.7506139,-61.6887653,483,9037-233-1,*,HD 147018 b,40.36,1.11,0.0,1.4E-8,105.59,0.92,,0.97,,,1,Simbad,245.75061,-61.68877
0.990484,247.071667,-46.3175,4500,HD 148156,,H09,4.37,6182.0,2.1767E-8,0.24,-0.09,16 28 17.2,-46 19 03,-2.0,0.0,1.21,HD 148156,247.0720194,-46.3176283,442,8312-3251-1,*,HD 148156 b,57.15,0.98,0.0,2.2E-8,105.64,1.3,,1.99,,,1,Simbad,247.07202,-46.31763
1.198308,99.03625,-27.622222,14337,HD 47186,,H09,4.32,5656.0,2.4222E-8,0.25,-0.07,06 36 08.7,-27 37 20,3.8,8.7,1.02,HD 47186,99.0366161,-27.6222967,360,6516-711-1,*,HD 47186 b,37.42,0.89,0.0,2.4E-8,133.78,1.08,,0.96,,0.07,1,Simbad,99.03662,-27.6223
0.378693,247.623333,38.347222,4532,HD 149026,,H09,4.2,6229.0,1.5063E-8,0.31,-0.1,16 30 29.6,+38 20 50,-18.1,2.6,1.3,HD 149026,247.6234106,38.3473078,183,3063-1587-1,*,HD 149026 b,76.68,1.94,0.0,1.4E-8,85.33,1.41,0.72,1.42,0.74,0.38,1,Simbad,247.62341,38.34731
0.272360,100.007083,-48.541944,14384,HD 48265,,H09,3.92,5678.0,1.6488E-8,0.38,-0.06,06 40 01.7,-48 32 31,22.5,5.5,1.22,HD 48265,100.0071958,-48.5419561,437,8108-493-1,*,HD 48265 b,89.77,1.56,0.0,1.6E-8,106.65,2.06,,1.9,,,1,Simbad,100.0072,-48.54196
0.790798,256.128333,-43.309722,4676,HD 153950,,H09,4.27,6283.0,3.2622E-8,0.11,-0.06,17 04 30.8,-43 18 35,33.0,2.2,1.24,HD 153950,256.1286281,-43.3097683,421,7881-474-1,*,HD 153950 b,48.04,3.83,0.0,2.9E-8,123.75,1.28,,1.25,,2.95,1,Simbad,256.12863,-43.30977
0.763714,255.651667,47.081667,4690,HD 154345,,H09,4.51,5488.0,5.6646E-8,-0.15,0.04,17 02 36.4,+47 04 54,-47.3,1.3,0.91,HD 154345,255.6516819,47.0818789,207,3501-1373-1,*,HD 154345 b,18.26,0.95,0.0,5.6E-8,215.91,0.85,,0.71,,0.82,1,Simbad,255.65168,47.08188
0.947892,105.075,-5.366944,14536,HD 52265,,H09,4.29,6135.0,8.0339E-8,0.23,-0.08,07 00 18.0,-05 22 01,53.2,2.6,1.21,HD 52265,105.0751492,-5.3671614,266,4822-3681-1,*,HD 52265 b,29.79,1.18,0.0,7.9E-8,205.37,1.32,,1.32,,1.16,1,Simbad,105.07515,-5.36716
0.237844,257.394167,33.355833,4720,HD 155358,,H09,4.14,5955.0,3.4288E-8,-0.64,0.27,17 09 34.6,+33 21 21,-9.1,10.7,0.92,HD 155358,257.3942406,33.3558572,148,2595-1464-1,*,HD 155358 b,44.02,0.95,0.0,3.5E-8,145.94,1.38,,1.15,,0.99,1,Simbad,257.39424,33.35586
0.929204,263.339583,5.700556,4818,HD 159243,,H09,4.43,6085.0,9.2945E-9,0.02,-0.02,17 33 21.5,+05 42 02,,0.1,1.13,HD 159243,263.3397733,5.7007314,26,426-1099-1,*,HD 159243 b,74.14,1.3,0.0,9.3E-9,70.79,1.13,,1.65,,,1,Simbad,263.33977,5.70073
1.401724,113.512917,-22.295833,14837,HD 60532,,H09,3.79,6245.0,4.3983E-7,-0.09,-0.02,07 34 03.1,-22 17 45,60.7,2.4,1.53,HD 60532,113.5132536,-22.2960667,329,5991-217-1,*,HD 60532 b,,1.37,0.0,4.4E-7,467.58,,,,,,0,Simbad,113.51325,-22.29607
0.741546,275.01625,-9.595556,5037,HD 168443,,H09,4.06,5566.0,4.7757E-8,0.09,0.09,18 20 03.9,-09 35 44,-49.1,10.5,1.04,HD 168443,275.0163772,-9.5957194,314,5681-1576-1,*,HD 168443 b,,0.89,0.0,4.8E-8,192.88,,,,,,0,Simbad,275.01638,-9.59572
1.379361,275.457083,-11.9225,5042,HD 168746,,H09,4.33,5574.0,1.8615E-8,0.0,0.05,18 21 49.7,-11 55 21,-26.1,12.3,0.94,HD 168746,275.4574281,-11.9226811,315,5685-2670-1,*,HD 168746 b,42.04,1.66,0.0,1.9E-8,121.04,1.09,,1.07,,0.27,1,Simbad,275.45743,-11.92268
1.297138,276.955833,-29.816667,5065,HD 169830,,H09,4.07,6325.0,1.1162E-7,0.23,-0.09,18 27 49.4,-29 49 00,-17.4,2.6,1.4,HD 169830,276.9561814,-29.8168631,373,6869-1277-1,*,HD 169830 b,,0.81,0.0,1.1E-7,230.56,,,,,,0,Simbad,276.95618,-29.81686
1.434594,277.295417,11.695278,5085,HD 170469,,H09,4.26,5870.0,1.4215E-8,0.31,-0.09,18 29 10.9,+11 41 43,-60.2,4.9,1.13,HD 170469,277.2957544,11.6955008,51,1031-1530-1,*,HD 170469 b,60.55,1.35,0.0,1.4E-8,94.97,1.24,,1.1,,0.66,1,Simbad,277.29575,11.6955
1.048404,278.681667,-28.072222,5110,HD 171238,,H09,4.37,5390.0,1.0208E-8,0.14,-0.05,18 34 43.6,-28 04 20,21.1,13.8,0.91,HD 171238,278.6819806,-28.0723128,372,6866-1721-1,*,HD 171238 b,,0.71,0.0,1.0E-8,94.98,,,,,,1,Simbad,278.68198,-28.07231
1.255305,120.869167,-1.1625,15097,HD 66428,,H09,4.31,5694.0,1.3541E-8,0.28,-0.07,08 03 28.6,-01 09 45,44.3,7.8,1.04,HD 66428,120.8694467,-1.1627083,267,4846-68-1,*,HD 66428 b,53.43,1.11,0.0,1.4E-8,98.3,1.13,,1.0,,2.64,1,Simbad,120.86945,-1.16271
0.782224,288.888333,-24.179167,5290,HD 179949,,H09,4.34,6205.0,8.167E-8,0.1,-0.05,19 15 33.2,-24 10 45,-24.7,1.4,1.18,HD 179949,288.8884581,-24.1793519,376,6875-3273-1,*,HD 179949 b,,2.07,0.0,8.1E-8,201.21,,,,,,0,Simbad,288.88846,-24.17935
1.219968,290.720417,-32.918889,5327,HD 181720,,H09,4.1,5775.0,2.0298E-8,-0.42,0.23,19 22 52.9,-32 55 08,-45.2,10.7,0.98,HD 181720,290.7207708,-32.9190522,400,7428-2738-1,*,HD 181720 b,58.8,2.83,0.0,2.0E-8,118.98,1.5,,1.03,,0.4,1,Simbad,290.72077,-32.91905
1.066744,124.599583,-12.631944,15243,HD 69830,,H09,4.54,5468.0,1.201E-7,0.08,-0.06,08 18 23.9,-12 37 55,29.8,0.0,0.94,HD 69830,124.5997794,-12.63217,305,5435-2991-1,*,HD 69830 b,,1.42,0.0,1.2E-7,318.2,,,,,,0,Simbad,124.59978,-12.63217
1.066749,292.102083,8.358056,5351,HD 183263,,H09,4.33,6106.0,2.0112E-8,0.34,-0.11,19 28 24.5,+08 21 29,-50.7,1.7,1.21,HD 183263,292.1023825,8.3580564,52,1055-3415-1,*,HD 183263 b,54.01,1.02,0.0,1.9E-8,106.1,1.23,,1.31,,3.95,1,Simbad,292.10238,8.35806
0.325666,296.742083,34.419444,5447,HD 187123,,H09,4.33,5904.0,2.0638E-8,0.25,-0.09,19 46 58.1,+34 25 10,-17.6,3.9,1.11,HD 187123,296.7421375,34.4195225,156,2664-550-1,*,HD 187123 b,,0.99,0.0,2.0E-8,114.86,,,,,,0,Simbad,296.74214,34.41952
0.673135,298.01875,28.100278,5469,HD 188015,,H09,4.26,5687.0,1.3905E-8,0.27,-0.08,19 52 04.5,+28 06 01,-0.4,8.3,1.04,HD 188015,298.0189308,28.1003756,123,2148-1948-1,*,HD 188015 b,,1.11,0.0,1.4E-8,98.06,,,,,,0,Simbad,298.01893,28.10038
0.485594,129.095833,-30.0375,15379,HD 73256,,H09,4.42,5454.0,1.7033E-8,0.2,-0.06,08 36 23.0,-30 02 15,29.5,9.5,0.93,HD 73256,129.0958967,-30.0376231,389,7136-2007-1,*,HD 73256 b,35.88,1.47,0.0,1.7E-8,119.99,0.93,,0.81,,1.57,1,Simbad,129.0959,-30.03762
0.841380,301.831667,-35.538611,5526,HD 190647,,H09,4.1,5661.0,2.1114E-8,0.25,-0.03,20 07 19.6,-35 32 19,-40.8,8.5,1.09,HD 190647,301.8319528,-35.5386342,401,7449-1245-1,*,HD 190647 b,53.74,0.9,0.0,2.1E-8,125.15,1.45,,1.14,,1.94,1,Simbad,301.83195,-35.53863
0.167422,309.465417,-60.634444,5649,HD 196050,,H09,4.25,6046.0,2.8225E-8,0.35,-0.11,20 37 51.7,-60 38 04,60.9,3.2,1.21,HD 196050,309.4654606,-60.6344853,485,9100-354-1,*,HD 196050 b,51.35,1.73,0.0,2.7E-8,128.89,1.42,,1.31,,3.18,1,Simbad,309.46546,-60.63449
1.023044,309.887083,42.248333,5693,HD 197037,,H09,4.37,6164.0,5.0638E-8,-0.21,0.1,20 39 32.9,+42 14 54,8.4,1.9,1.11,HD 197037,309.8873331,42.2485486,192,3161-126-1,*,HD 197037 b,33.32,0.91,0.0,5.1E-8,164.88,1.18,,1.19,,,1,Simbad,309.88733,42.24855
0.981468,138.789167,23.375278,15669,HD 79498,A,H09,4.4,5760.0,1.6674E-8,0.24,-0.08,09 15 09.4,+23 22 31,19.5,2.7,1.06,HD 79498,138.7891714,23.3755506,103,1951-1006-1,*,HD 79498 b,,1.11,0.0,1.6E-8,105.93,,,,,,0,Simbad,138.78917,23.37555
0.849690,140.65625,50.603611,15718,HD 80606,B,H09,3.51,5534.0,6.9757E-9,0.29,-0.09,09 22 37.5,+50 36 13,3.3,11.5,0.98,HD 80606,140.6565706,50.6037306,204,3431-46-1,*,HD 80606 b,65.21,1.71,0.0,7.0E-9,73.99,1.04,1.45,1.15,1.07,4.38,1,Simbad,140.65657,50.60373
0.530014,322.050833,-21.726111,5926,HD 204313,,H09,4.36,5749.0,1.6915E-8,0.19,-0.06,21 28 12.2,-21 43 34,-10.1,7.2,1.02,HD 204313,322.0508628,-21.7262556,347,6373-682-1,*,HD 204313 b,47.6,0.7,0.0,1.7E-8,107.41,1.1,,1.03,,3.46,1,Simbad,322.05086,-21.72626
0.945581,324.535,-31.737222,5975,HD 205739,,H09,4.18,6471.0,1.0781E-8,0.24,-0.09,21 38 08.4,-31 44 14,9.1,2.0,1.37,HD 205739,324.5350183,-31.7374842,403,7487-1980-1,*,HD 205739 b,93.19,1.79,0.03,1.0E-8,67.27,1.35,,1.66,,,1,Simbad,324.53502,-31.73748
1.270368,328.150833,-26.026389,6051,HD 207832,,H09,4.54,5733.0,8.3472E-9,0.13,-0.05,21 52 36.2,-26 01 35,-16.7,0.0,1.02,HD 207832,328.1511767,-26.0265597,379,6956-378-1,*,HD 207832 b,59.07,1.34,0.0,8.4E-9,75.88,0.96,,1.02,,0.6,1,Simbad,328.15118,-26.02656
0.560558,329.3325,-37.763611,6069,HD 208487,,H09,4.38,6247.0,2.799E-8,-0.02,-0.01,21 57 19.8,-37 45 49,5.3,0.1,1.18,HD 208487,329.3326964,-37.7636228,426,7982-636-1,*,HD 208487 b,,1.26,0.0,2.7E-8,118.41,,,,,,0,Simbad,329.3327,-37.76362
1.170956,330.794583,18.884167,6101,HD 209458,,H09,4.33,6108.0,2.3379E-8,-0.04,0.01,22 03 10.7,+18 53 03,-14.9,3.2,1.13,HD 209458,330.7948867,18.8843194,88,1688-1821-1,*,HD 209458 b,48.86,1.27,0.0,2.3E-8,112.92,1.19,1.04,1.23,1.39,0.73,1,Simbad,330.79489,18.88432
0.561671,147.779167,-43.502778,16004,HD 85512,,H09,4.67,4455.0,3.8827E-8,0.06,0.39,09 51 07.0,-43 30 10,-10.2,1.7,0.72,HD 85512,147.7793819,-43.5027847,414,7706-1752-1,*,HD 85512 b,11.32,4.96,0.0,3.9E-8,293.21,0.71,,0.43,,0.01,1,Simbad,147.77938,-43.50278
0.526410,336.87875,-77.717778,6191,HD 212301,,H09,4.33,6170.0,2.0591E-8,-0.01,-0.01,22 27 30.9,-77 43 04,4.8,2.8,1.14,HD 212301,336.8788272,-77.7179233,497,9479-407-1,*,HD 212301 b,53.49,2.23,0.0,2.1E-8,100.88,1.16,,1.55,,0.51,1,Simbad,336.87883,-77.71792
1.622681,154.588333,12.620833,16188,HD 89307,,H09,4.36,5942.0,4.2643E-8,-0.15,0.07,10 18 21.2,+12 37 15,22.6,5.0,1.04,HD 89307,154.5886989,12.6211081,43,843-568-1,*,HD 89307 b,32.18,1.03,0.0,4.3E-8,159.15,1.1,,1.27,,2.11,1,Simbad,154.5887,12.62111
0.772904,155.54375,41.229444,16209,HD 89744,,H09,3.94,6262.0,1.3326E-7,0.3,-0.1,10 22 10.5,+41 13 46,-5.6,2.5,1.5,HD 89744,155.5440111,41.2295308,174,3004-578-1,*,HD 89744 b,,0.76,0.0,1.3E-7,258.1,,,,,,0,Simbad,155.54401,41.22953
0.558825,343.97375,-26.658611,6340,HD 216770,,H09,4.49,5448.0,1.6393E-8,0.19,-0.1,22 55 53.7,-26 39 31,30.7,1.8,0.94,HD 216770,343.9737847,-26.6587631,381,6974-283-1,*,HD 216770 b,36.65,5.29,0.0,1.6E-8,118.09,0.93,,0.74,,0.57,1,Simbad,343.97378,-26.65876
0.655768,345.784167,-0.429444,6380,HD 217786,,H09,4.26,6076.0,2.1734E-8,-0.06,0.01,23 03 08.2,-00 25 46,9.9,4.8,1.13,HD 217786,345.78419,-0.4296247,291,5242-591-1,*,HD 217786 b,56.45,1.48,0.0,2.1E-8,109.06,1.32,,1.43,,,1,Simbad,345.78419,-0.42962
0.783029,349.694583,18.645556,6454,HD 219828,,H09,4.12,5977.0,1.7472E-8,0.28,-0.09,23 18 46.7,+18 38 44,-24.6,4.1,1.24,HD 219828,349.694725,18.6457269,90,1716-1182-1,*,HD 219828 b,71.41,1.95,0.0,1.6E-8,101.74,1.56,,1.31,,0.06,1,Simbad,349.69472,18.64573
1.072049,351.614167,8.643611,6483,HD 220773,,H09,4.05,5927.0,3.8635E-8,0.13,-0.04,23 26 27.4,+08 38 37,-38.0,4.4,1.16,HD 220773,351.6143533,8.643845,57,1162-750-1,*,HD 220773 b,49.93,0.67,0.0,3.9E-8,153.61,1.65,,1.8,,,1,Simbad,351.61435,8.64384
0.302645,352.834583,-58.209722,6506,HD 221287,,H09,4.37,6282.0,1.9864E-8,-0.14,0.05,23 31 20.3,-58 12 35,-21.6,0.9,1.16,HD 221287,352.8347414,-58.2097322,470,8838-463-1,*,HD 221287 b,,2.2,0.0,2.0E-8,96.23,,,,,,1,Simbad,352.83474,-58.20973
1.239952,164.86625,40.43,16448,HD 95128,,H09,4.29,5908.0,2.5783E-7,0.02,-0.01,10 59 27.9,+40 25 48,11.1,6.2,1.04,HD 95128,164.8665533,40.4302556,175,3009-2703-1,*,47 UMa b,,0.93,0.0,2.6E-7,402.83,,,,,,0,Simbad,164.86655,40.43026
0.492769,354.50125,48.996389,6543,HD 222155,,H09,4.01,5847.0,4.2362E-8,-0.08,0.06,23 38 00.3,+48 59 47,-44.2,6.6,1.12,HD 222155,354.5012806,48.9965244,216,3646-2286-1,*,HD 222155 b,51.15,0.93,0.0,4.0E-8,168.49,1.85,,1.21,,2.12,1,Simbad,354.50128,48.99652
0.488983,359.974167,-22.428056,6638,HD 224693,,H09,4.08,6349.0,1.5788E-8,0.4,-0.12,23 59 53.8,-22 25 41,1.5,2.2,1.43,HD 224693,359.9742992,-22.4281153,349,6411-109-1,*,HD 224693 b,,4.07,0.0,1.3E-8,84.77,,,,,,1,Simbad,359.9743,-22.42812
0.798534,24.199167,41.405278,16583,HD 9826,A,H09,4.15,6235.0,5.9308E-7,0.13,-0.06,01 36 47.8,+41 24 19,-28.9,3.4,1.3,HD 9826,24.1993422,41.4054567,162,2822-2210-1,*,upsilon And b,,1.53,0.0,6.0E-7,558.55,,,,,,0,Simbad,24.19934,41.40546
1.394840,171.6925,3.006111,16644,HD 99492,B,H09,4.56,4992.0,3.4332E-8,0.24,-0.08,11 26 46.2,+03 00 22,3.1,0.0,0.82,HD 99492,171.6928258,3.0063214,19,267-1200-1,*,HD 99492 b,18.22,4.42,0.0,3.2E-8,211.16,0.83,,0.48,,0.07,1,Simbad,171.69283,3.00632
0.870539,176.629167,-40.500278,6908,HD 102365,A,H09,,5694.0,,-0.27,0.15,11 46 31.0,-40 30 01,16.8,0.6,0.93,HD 102365,176.6294692,-40.5003533,415,7745-1381-1,*,HD 102365 b,,0.85,0.0,3.1E-7,484.08,,,,,,0,Simbad,176.62947,-40.50035
0.998951,25.622083,-53.740556,7123,HD 10647,,H09,4.41,6154.0,1.6324E-7,-0.1,0.03,01 42 29.3,-53 44 26,27.5,0.4,1.13,HD 10647,25.6221444,-53.7408311,455,8475-527-1,*,HD 10647 b,,0.59,0.0,1.6E-7,290.6,,,,,,1,Simbad,25.62214,-53.74083
0.485546,26.2325,20.083056,7142,HD 10697,,H09,3.98,5624.0,8.6142E-8,0.2,-0.03,01 44 55.8,+20 04 59,-46.6,7.6,1.13,HD 10697,26.2326036,20.0831494,61,1211-1730-1,*,HD 10697 b,,2.61,0.0,8.3E-8,250.51,,,,,,0,Simbad,26.2326,20.08315
0.856023,186.880417,-71.422778,7224,HD 108341,,H09,4.55,5160.0,5.499E-9,0.17,-0.11,12 27 31.3,-71 25 22,56.1,0.0,0.86,HD 108341,186.8808067,-71.4229808,488,9236-2866-1,*,HD 108341 b,,2.8,0.0,5.3E-9,74.5,,,,,,1,Simbad,186.88081,-71.42298
1.056804,189.317917,-40.811944,7310,HD 109749,A,H09,4.32,5809.0,1.4E-8,0.17,-0.03,12 37 16.3,-40 48 43,-13.7,6.5,1.06,HD 109749,189.3182333,-40.8121139,416,7762-1479-1,*,HD 109749 b,62.69,0.72,0.0,1.4E-8,95.01,1.28,,1.23,,0.28,1,Simbad,189.31823,-40.81211
0.828121,195.445417,63.61,7508,HD 113337,A,H09,4.2,6669.0,1.0063E-7,0.09,-0.04,13 01 46.9,+63 36 36,-16.0,1.5,1.39,HD 113337,195.4455278,63.6102247,235,4166-541-1,*,HD 113337 b,,1.14,0.0,1.0E-7,200.39,,,,,,0,Simbad,195.44553,63.61022
0.897845,198.082083,17.516944,7587,HD 114762,,H09,4.23,5930.0,3.3904E-8,-0.74,0.28,13 12 19.7,+17 31 01,49.2,13.5,0.87,HD 114762,198.0822617,17.5171261,78,1454-315-1,*,HD 114762 b,38.64,1.56,0.0,3.3E-8,144.82,1.2,,0.8,,10.69,1,Simbad,198.08226,17.51713
0.494396,28.210417,-19.506944,7601,HD 11506,,H09,4.29,6176.0,2.6783E-8,0.25,-0.09,01 52 50.5,-19 30 25,-8.1,2.4,1.24,HD 11506,28.2105592,-19.5069739,324,5858-2028-1,*,HD 11506 b,50.26,1.91,0.0,2.6E-8,114.88,1.24,,1.51,,5.54,1,Simbad,28.21056,-19.50697
0.366619,199.60125,-18.311111,7627,HD 115617,A,H09,,5628.0,,0.07,-0.03,13 18 24.3,-18 18 40,-8.2,0.1,0.98,HD 115617,199.6013094,-18.3111958,335,6116-1517-1,*,61 Vir b,,3.17,0.0,3.4E-7,514.69,,,,,,0,Simbad,199.60131,-18.3112
0.649731,202.1075,13.778611,7706,HD 117176,A,H09,,5540.0,,0.01,0.09,13 28 25.8,+13 46 43,4.6,7.6,1.11,HD 117176,202.1075358,13.7787881,46,898-1042-1,*,70 Vir b,18.28,1.47,0.0,2.7E-7,467.31,1.84,,1.14,,7.62,1,Simbad,202.10754,13.77879
1.023333,206.815417,17.456667,7840,HD 120136,AB,H09,3.83,6424.0,4.0949E-7,0.17,-0.07,13 47 15.7,+17 27 24,-16.2,1.8,1.3,HD 120136,206.8155958,17.4568944,79,1460-132-1,*,tau Boo b,,1.58,0.0,4.0E-7,414.46,,,,,,0,Simbad,206.8156,17.45689
0.361302,209.321667,-56.04,7905,HD 121504,A,H09,4.34,6083.0,2.7219E-8,0.09,-0.05,13 57 17.2,-56 02 24,19.3,2.5,1.14,HD 121504,209.3218283,-56.0400442,465,8668-674-1,*,HD 121504 b,41.25,0.88,0.0,2.6E-8,120.36,1.07,,1.62,,1.51,1,Simbad,209.32183,-56.04004
0.318946,4.0525,-79.851111,8005,HD 1237,,H09,4.53,5533.0,6.4727E-8,-0.05,-0.01,00 16 12.6,-79 51 04,-6.1,0.1,0.93,HD 1237,4.052825,-79.8511786,493,9354-780-1,*,HD 1237 b,,0.47,0.0,6.5E-8,229.36,,,,,,1,Simbad,4.05282,-79.85118
0.547105,215.222917,-17.481389,8093,HD 125612,,H09,4.46,5986.0,1.3243E-8,0.22,-0.07,14 20 53.5,-17 28 53,-18.4,0.0,1.13,HD 125612,215.2229864,-17.4815258,337,6143-1696-1,*,HD 125612 b,57.07,1.11,0.0,1.3E-8,87.39,1.07,,1.19,,3.23,1,Simbad,215.22299,-17.48153
0.377779,225.025,-73.535278,8348,HD 131664,,H09,4.29,5804.0,1.4972E-8,0.23,-0.06,15 00 06.0,-73 32 07,34.7,6.2,1.07,HD 131664,225.0252817,-73.5353461,490,9270-1491-1,*,HD 131664 b,52.27,1.32,0.0,1.5E-8,96.11,1.08,,1.19,,19.12,1,Simbad,225.02528,-73.53535
1.135306,4.595,44.022778,8395,HD 1326,A,H09,,,,,,00 18 22.8,+44 01 22,11.3,,,HD 1326,4.5953606,44.0229575,161,2794-157-1,*,GJ 15 A b,3.56,6.42,0.0,4.8E-8,472.89,0.36,,0.38,,0.02,0,Simbad,4.59536,44.02296
0.688758,32.607917,-50.823611,8478,HD 13445,,H09,4.59,5251.0,1.0904E-7,-0.09,-0.04,02 10 25.9,-50 49 25,56.7,0.3,0.86,HD 13445,32.6081144,-50.8237561,432,8048-1022-1,*,GJ 86 b,11.25,3.06,0.0,9.9E-8,320.07,0.77,,0.93,,4.42,0,Simbad,32.60811,-50.82376
1.114517,228.369167,-25.309167,8501,HD 134987,,H09,4.28,5764.0,6.9603E-8,0.31,-0.08,15 13 28.6,-25 18 33,4.7,6.0,1.07,HD 134987,228.3694461,-25.3093464,367,6766-877-1,*,HD 134987 b,26.12,2.52,0.0,6.8E-8,216.81,1.22,,1.1,,1.61,1,Simbad,228.36945,-25.30935
0.542343,233.91625,-80.204444,8601,HD 137388,A,H09,4.47,5159.0,1.0359E-8,0.14,-0.1,15 35 39.9,-80 12 16,25.8,13.8,0.84,HD 137388,233.9163383,-80.2045939,496,9437-1921-1,*,HD 137388 b,40.34,0.82,0.0,9.8E-9,101.25,0.88,,0.68,,0.2,1,Simbad,233.91634,-80.20459
1.163415,34.197083,43.772778,8701,HD 13931,,H09,4.3,5864.0,2.4504E-8,0.06,-0.01,02 16 47.3,+43 46 22,30.3,6.2,1.06,HD 13931,34.1974125,43.7729967,165,2842-200-1,*,HD 13931 b,46.75,1.09,0.0,2.4E-8,123.98,1.25,,1.3,,2.2,1,Simbad,34.19741,43.773
0.996489,1.579583,-49.075,8813,HD 142,AB,H09,,6313.0,,0.06,-0.04,00 06 19.1,-49 04 30,5.3,2.8,1.25,HD 142,1.5798958,-49.0751861,429,8025-341-1,*,HD 142 b,,1.19,0.0,1.4E-7,259.4,,,,,,0,Simbad,1.5799,-49.07519
0.807797,242.5625,-84.231389,8818,HD 142022,A,H09,,5507.0,2.3064E-8,0.24,-0.06,16 10 15.0,-84 13 53,-10.0,,,HD 142022,242.5626131,-84.2316131,498,9522-552-1,*,HD 142022 b,34.33,1.72,0.0,2.3E-8,141.33,1.04,,0.9,,4.44,1,Simbad,242.56261,-84.23161
0.807797,242.5625,-84.231389,8819,HD 142022,B,H09,,5112.0,-1.0E-8,,,16 10 15.0,-84 13 53,-10.4,,,HD 142022,242.5626131,-84.2316131,498,9522-552-1,*,HD 142022 b,34.33,1.72,0.0,2.3E-8,141.33,1.04,,0.9,,4.44,1,Simbad,242.56261,-84.23161
0.599109,240.459583,-44.434444,8868,HD 143361,,H09,4.44,5492.0,5.7348E-9,0.3,-0.07,16 01 50.3,-44 26 04,-1.5,7.9,0.96,HD 143361,240.4597794,-44.4345336,420,7863-1386-1,*,HD 143361 b,68.73,0.63,0.0,5.8E-9,68.89,1.02,,0.87,,,1,Simbad,240.45978,-44.43453
1.001542,240.260833,33.303333,8881,HD 143761,A,H09,,5833.0,,-0.17,0.12,16 01 02.6,+33 18 12,17.8,8.7,1.02,HD 143761,240.2610906,33.3035092,146,2576-2228-1,*,rho CrB b,,7.0,0.0,1.9E-7,354.1,,,,,,0,Simbad,240.26109,33.30351
1.279684,4.674167,-8.052778,8970,HD 1461,,H09,4.37,5779.0,7.0363E-8,0.19,-0.06,00 18 41.8,-08 03 10,-10.5,4.7,1.04,HD 1461,4.6744469,-8.0530006,293,5261-789-1,*,HD 1461 b,,1.92,0.0,6.8E-8,217.69,,,,,,0,Simbad,4.67445,-8.053
1.258059,246.005,-39.192778,9041,HD 147513,,H09,4.49,5872.0,1.9153E-7,-0.07,0.03,16 24 01.2,-39 11 34,12.6,0.0,1.04,HD 147513,246.0053719,-39.1929756,419,7853-621-1,*,HD 147513 b,,1.24,0.0,1.9E-7,344.37,,,,,,0,Simbad,246.00537,-39.19298
0.887255,257.815417,-56.680556,9356,HD 154857,,H09,3.8,5552.0,3.6554E-8,-0.2,0.19,17 11 15.7,-56 40 50,27.9,5.1,1.23,HD 154857,257.8155092,-56.6807972,466,8735-1682-1,*,HD 154857 b,64.29,1.57,0.0,3.6E-8,166.75,2.3,,1.96,,2.45,1,Simbad,257.81551,-56.6808
1.136980,259.96375,-48.549167,9439,HD 156411,,H09,3.84,5885.0,5.8133E-8,-0.05,0.05,17 19 51.3,-48 32 57,-39.1,4.5,1.27,HD 156411,259.9641692,-48.5493178,444,8345-4656-1,*,HD 156411 b,,1.16,0.0,5.8E-8,190.02,,,,,,0,Simbad,259.96417,-48.54932
0.516165,260.142917,-19.333611,9458,HD 156846,AB,H09,4.01,6132.0,6.4382E-8,0.25,-0.09,17 20 34.3,-19 20 01,-68.8,3.1,1.4,HD 156846,260.1429625,-19.3337478,341,6242-339-1,*,HD 156846 b,47.37,1.99,0.0,6.4E-8,186.51,1.9,,1.38,,10.67,1,Simbad,260.14296,-19.33375
0.891184,264.747917,-43.145278,9600,HD 159868,,H09,3.86,5518.0,3.5893E-8,-0.06,0.17,17 38 59.5,-43 08 43,-23.5,5.6,1.19,HD 159868,264.7480289,-43.1455117,423,7896-3839-1,*,HD 159868 b,55.36,1.91,0.0,3.5E-8,165.76,1.97,,1.42,,2.51,1,Simbad,264.74803,-43.14551
0.647181,267.659583,-40.318333,9721,HD 162020,,H09,4.57,4699.0,8.853E-9,-0.24,0.14,17 50 38.3,-40 19 06,-27.6,13.8,0.74,HD 162020,267.6598175,-40.3183517,422,7890-1378-1,*,HD 162020 b,30.75,3.9,0.0,8.6E-9,114.13,0.75,,0.42,,9.84,1,Simbad,267.65982,-40.31835
1.153325,39.240417,24.647778,9733,HD 16232,B,H09,4.35,6396.0,4.2274E-8,-0.03,-0.01,02 36 57.7,+24 38 52,17.2,0.0,1.21,HD 16232,39.2405767,24.6480636,96,1771-1397-1,*,30 Ari B b,46.68,1.31,0.0,4.2E-8,140.73,1.41,,1.93,,13.82,1,Simbad,39.24058,24.64806
0.718527,39.244167,-34.577778,9805,HD 16417,,H09,4.06,5816.0,1.319E-7,0.15,-0.03,02 36 58.6,-34 34 40,10.6,6.8,1.13,HD 16417,39.2441994,-34.5779758,384,7014-630-1,*,HD 16417 b,,2.66,0.0,1.3E-7,290.73,,,,,,0,Simbad,39.2442,-34.57798
0.578903,270.38,0.104444,9818,HD 164509,,H09,4.42,6109.0,1.7684E-8,0.23,-0.09,18 01 31.2,+00 06 16,13.3,0.0,1.18,HD 164509,270.380115,0.1045564,27,430-2613-1,*,HD 164509 b,53.86,4.25,0.0,1.5E-8,93.12,1.08,,1.14,,,1,Simbad,270.38011,0.10456
0.551726,270.77875,-28.560556,9823,HD 164604,,H09,,4618.0,,0.12,0.03,18 03 06.9,-28 33 38,7.2,13.8,0.76,HD 164604,270.778885,-28.5606531,371,6854-175-1,*,HD 164604 b,38.54,2.57,0.0,4.9E-9,86.62,0.72,,0.39,,,1,Simbad,270.77888,-28.56065
0.691374,5.217917,-19.931111,9903,HD 1666,,H09,4.07,6445.0,1.4243E-8,0.3,-0.11,00 20 52.3,-19 55 52,17.5,2.1,1.43,HD 1666,5.2180814,-19.931225,322,5842-736-1,*,HD 1666 b,118.03,0.42,0.03,1.4E-8,81.27,2.06,,4.9,,,1,Simbad,5.21808,-19.93122
0.263027,40.58875,38.618611,9946,HD 16760,A,H09,4.66,5683.0,8.5554E-9,0.01,-0.05,02 42 21.3,+38 37 07,-4.2,0.1,0.99,HD 16760,40.5887958,38.6186747,166,2845-2243-1,*,HD 16760 b,,2.59,0.0,9.1E-9,84.37,,,,,,1,Simbad,40.5888,38.61867
